wallet,score
0x93667dcc21f791f71c4d8ec19ab5fcbbae06a389,100.0
0x8376b14104dbf0642a3c2adfa33793cfcb0b8d76,99.85
0xfccb964c514c12794509ed62fa274f0e284cee82,99.39
0xa3c6dc326ce56d83730c67d2a0b9dddfc9fe9258,98.95
0x89b6aeabcbd42b56979d5fce7be21ac8382d9bd0,98.69
0xe8cb49f478b184f541af2affc30150be6edb306a,98.68
0xd28216ae66fd8248d3e2e0890667b522be626f13,98.6
0x90e3497ff247abdfe2e31019308e11d7b19e949d,98.42
0x457ae53f227f644a849beaa12ef123857c64f314,98.2
0xba1f07ca1c01cffab7d283382806d81746355c2e,97.92
0x959f1e0fff4d1408828a99f87d574b92c2df03ab,97.34
0xd6ec93ef87ae9baa1fddb65461708b043599074d,97.05
0x577f60c1fd4f7786e20deb4dba9240a900a1416d,96.55
0x4955649e1c7ac48953c68ed498d07bc8e1436ca8,96.44
0xa35aa0870ff12d4672f2601c80276fe98a9bfc01,96.36
0xbbe3b303d3c8cc90601784ab20f372edeb68305f,96.22
0x0d6fa34e977adaa8cf0446dbea337c1df3b6c6a9,96.1
0x9ce8f85083fcf364467a827cb15730102306ed1c,95.96
0x427f2ac5fdf4245e027d767e7c3ac272a1f40a65,95.7
0x9b770e4300084059fafbca51adf7a3177d30723c,94.68
0x961a3e75a448500f3403d72ed9a7008e87ffe0b9,93.65
0xfe1bcd4fae7d1f04a744aa51d2cf4efd5277762f,90.86
0x3dc48cff6a78990222fbae7bae0ad6d99d41d5ab,90.7
0x965736445e068f9f68123a15c55c87a673112566,90.46
0x6168bb05ccb4aaded0169602bbb6e3cae12902c5,90.43
0xb3fbe25be2e8ca097e9ac924e94af000dd3a5663,90.33
0x9b1b504491fc206368bf048ff564249d8a81caa9,90.18
0x84ce53ce5074fa1183a92ffc692c93ffe2e24c7a,90.17
0x644239848c7b402d813295893db428aae7cc4cb5,90.12
0x2565f8e0b33f2d3bb1c0e2dd5fbb972df48654c8,90.1
0xeabf7dec6253f3ddbcb70a93fa9a5d6470f6cf74,89.96
0x49a1eb39534f378722036d41d3ab5c92e86b55cf,89.96
0xcda9a32a9162398a024e4f6e13db4dae1eb2731f,89.81
0x7b2e78d4dfaaba045a167a70da285e30e8fca196,89.75
0x1e60ae150f10a3a1881d17a9f749595030897ce9,89.48
0x069237a95d830bf97f00f695866e73bb47ae0c1d,88.79
0xbd9ed130a53cfafcf81502e4d35329a6c4d53410,88.49
0x665c8ffc97f69d9b69d8b52643d0d7017a993c80,88.49
0x71ea19d4c54ce1656d693125d3974fcffda86aaa,88.44
0x793acdce9db7bc3269513652923d543b4818e817,88.14
0x364dd034d0cbd922289ebe2558b113b04e77f502,87.99
0xe6f69fb0ae2ce2fb256eed73ef7089ee53b792bc,87.93
0xb978164be54684d3d56843226e4b01cd6493a51b,87.93
0xc2af4c1285fc09d8b50239139c1344aedec05a29,87.88
0x5142126b4573ae1a23e4c8ab2a16631cae725325,87.74
0x7fcadf36b56db06dac7357b11b3069f7ba2596b6,87.68
0x9512e79aa38f53a6a758930400e2494bcb5bbf0a,87.48
0xfb484a0f263203f88c35eaad674aec229ae41b85,87.41
0x512e07a093aaa20ba288392eadf03838c7a4e522,87.38
0x2390fc61ebb22872bdab73c647a18352aeeefe35,87.38
0xf968bd52e48decf07c64a544b0157e1e0d6cbaf0,87.36
0x83efa8293a5c40fca10d3f4a8b29ad027f53f8a3,87.29
0x745869e92b46c5a4b959d5432ecc05a0b87d911a,87.28
0xc60c784a4556126720b113e12fe950163427499c,87.27
0x9fabe602d0ea4b157254f2850a67ec6d6cb4130d,87.12
0xa416c7b7634968dbe53d5dc957feeb57e8e8909f,86.97
0xae69116e4aa49645f78c1fc9f28f677aede0d153,86.62
0xffdc0c7dff4bdabc76e69f1ffd0c11d54b21369b,86.45
0x603d1cf4b9b48b05d9e782d536a2cbcc83ae5a6c,86.24
0x402bc3a4e7ebe66fd1b43c06e468e40d9ce48da1,86.18
0x146cfed833cc926b16b0da9257e8a281c2add9f3,85.43
0x0056d1fd2ca3c0f3a7b6ed6cdd1f1f104b4bf9a9,85.21
0x1b1ee3e6b2673bf0f2e260e3f8a1fbdaee2c6ea7,85.03
0xc2c4e9f5b299a7c629739b3ca1af83e9d9787b57,84.32
0x8782696569cb4b825f6f1fb457c14dfb823187e4,83.98
0x8f2d7147e93de8bb4f8b29914147267dc806ba36,83.74
0xe692840875b84bffc7402bd199d615d7af57e1cd,83.55
0x34bbc9a46b09283698ba7aa1c273e8b4e9f7bcc3,83.25
0xa58e55e2202668f343ac9d7d5e904247d1e9ca76,82.78
0xede902c9f73ad58ffb6f4f9688b13dedec5279e7,82.57
0x8148213c00a505f3e078cd1bec04a2c72c928d38,82.46
0xa0163ffb80f4b6cf9225cb600f47b9acbf0d77fb,82.13
0xb13753ef4601c0d7a3f49ecfb341e581dbc94dfc,81.88
0xe6f9db037c4d1622da102738849352de0175403b,81.75
0x306ebe8357cf941e1b870a1ba6a60aa9668805d2,81.74
0x2a25e52ea2b404714414e193cd5e58867d5c5373,81.63
0xff789ab6730c22da1e095645836cb70eaf5cfc51,81.59
0x7d3ff21df6e555c6f2accc0c437f9e31fffdb6c4,81.21
0xa4c4b50f0bd21efa6ac571e76091e677c65d72ca,81.04
0x138f85de34ec8057ec206788a064f842cd64ce9e,80.72
0x96f77c60684bd2fb3335f33fba1296450b2525ee,80.62
0x905341c6dc571b616ec79e1f7f5dfb0069b93126,80.44
0x73ba9aa826e27004bb89bc7cfe2db1a9465d66d9,80.42
0xf976b4ea12d7fb39334f45d1a0a002f59a55b50e,80.32
0xc2f61a6eeec48d686901d325cde9233b81c793f3,80.12
0x0edc54de83d5807f59bd046a0ce3efb23e303c6c,79.96
0xacb5b03db787fbb6f3458fab49359a09ba15aaee,79.43
0x34c28df7e22307ed4e60e812fa1d553629f7e72f,79.25
0x30f837cb95bd29411a58b77a539b021f57749dad,78.92
0x2a3fe6f76de9ed1a17cad7d4bf22aab06b07218a,78.91
0xd3ced3b16c8977ed0e345d162d982b899e978588,78.84
0x8ae928cb080aa43a50393cd08de208ef2b1bb86a,78.76
0xc3f20ffdaf22361a036c797e45839d01774a6b50,78.43
0x5fd2b3ba9b0b716ac1cf5850d7eef0f12931b75a,78.3
0xf50cb7bff34044ea1482fed0a52345f30da08d4e,78.17
0x822ffaa09ae634306a3dfa60029e490ca508a315,78.09
0x055f9d6a6071a603b80c6403dda60cb10c769999,77.9
0xcbe3958bb4c7122f3e67e481a5edd89277921e25,77.8
0x84bf1533a0eb45630d94295df08d6d3a2755a027,77.77
0xc79b8b594f8a7906f3b8c5792186431da9908e4d,77.38
0x9e74d2fc465dd3a5496a6b2ac9193547745416b4,76.96
0x862ab06da4830fbcd73603e22eefed0ad4dd6033,76.87
0xaf7225027852df60763f01ccd4ebb91260b6f0c1,76.02
0xa1acaddd259649d470b42c95738e5e89c8d8a233,75.48
0x11f061e95da5d0dff33dc83406f0bbf7177d3a86,74.96
0xb7f90aacb380676479170558d8f477b1537e5d2c,74.95
0xf523efbb1150a9140f3aa964055517040881f949,74.93
0xe7e9ea373f253e71d12f6896785777a6a55189f4,74.91
0xbb0db514daee431b9faf1281131fe269745b1690,74.76
0x306320af6a8cf1e0ad174d8b98f83f4f26a44527,74.64
0x79fad9fc5ca80868a56a1824bd85b025f20b03a6,74.39
0x14029b6e9ea11ea16adcaa16c57fe904d2d73580,73.76
0x3d1a8bf4b5db60f71386f1e714c1402ba9476242,73.53
0xca8119e97013879b273711e92eaf9b8e387d77f1,73.46
0x1b7550aa83e9b82563194758949dc19fb39926eb,73.35
0x099de6a7d3bca32e47f956ac162711070dbbeb38,73.16
0x185ce669525c66863ea5e1488553e2c9693aa2c5,72.72
0x4c75dfdb349751e058cd3a7e6df29c82145b61d3,72.45
0x404d846c95b2a70104fbae9797305beaa27a4062,72.4
0xc15753ae3b6099b8a3366b836433d6542645b876,71.94
0xaf1c3dd013a2bb674d5d84ee367911d2627fc464,71.89
0x1ef0d50b1bdfed62a06ac67080443e71f7efa4a1,71.75
0x59df18148171fe8fc7ad263dc4eba9e25e03522e,71.51
0xf3ab84bddfd1536d421dca2f1eb7198c5cbb6990,71.43
0x1e64e23d441734e5dfe3d269e537805d5830768f,71.28
0x7a2554c1cdcbb261ab529ae75e2ca9465240b894,71.13
0x01857e396c7a7c617318daf44df5d34519559647,71.06
0xdddf042067c809f38e0939a76ca20d945d756c6c,70.99
0xd149499fb7711fe7c565a681a7f1185b9809728f,70.97
0x5c1ca5a34111c6f55c0778d149ebcc3c19264f7c,70.87
0xba1c8672bc10b6bc7c8b0688a35200e5b376551c,70.74
0xa71b9d4cfe1cafb99c5cb99c6a3635fe2790d214,70.68
0xf8aae83edbc775b60bb83dbf4062ec80de6aff4a,70.52
0xefed6401f939c29e7dc4a492c1592e4b9ff61bf4,70.46
0x93f2acf6d9d4fd0a1ae9f259a1b3cfaf2557fce6,70.43
0x40b46a4d61cdf850c1c28320d02f7ee0696dcb67,70.41
0xdf13e5d4233650964272b1b3f2e9a7bdda7300e0,70.4
0x0e1212b04daa889686d7e39361ae33d9afa8b79b,70.01
0x7a2cd8e13a2cea71ab603702fa5964e62b38f2c8,69.99
0xf93441c40065c1e545df3f7e6d83c9a9f7449624,69.85
0x527aaeeaf42efb46a3553f96553412f7cd923ccb,69.41
0xea88a9a7a0deb380a4b800691fa08b765265736a,69.08
0xc9459bf2e0a1f89ec29c77b3944581cf590f9a7e,68.85
0x7af88d81298fd7471405cf6ec8d06148f5cf5964,68.53
0x3bbb022e77be7b7f64a40feabdd21928b7055613,68.12
0xb7fb1f73f78f48ff4604fac0b9e89516799e901d,67.68
0x55b1b1d7e1175cad03e6feab9a243c5046c6e2c7,67.58
0x08ed3c17e5df89297402b717d1257fb125d7156e,67.56
0xbca105cbe6dab19664ac23d9e155be4da24ffc4a,67.55
0x57b36394a80b0e2e2facd9230f82c83b4dda12de,67.49
0x05044cd27c93633b9b2da2e1c427d0f0bff26d55,67.48
0x0297acbe62ac90c4d79654eece1aeeea3b2bcf9a,67.46
0x2e85ed8339156174fe2e2d2af0acc3da36b44a98,67.36
0xfeeca8db8b5f4efdb16ba43d3d06ad2f568a52e3,67.35
0x4972f43dea286582c688b7343b3c8802729350af,67.22
0xecb36dffc6852d4184ba6a611bd6154f0cd705a3,67.15
0x682cd3e420f2bfacc633d289ef6f42d8543a6ee0,67.09
0x6f3085c2b850340e1a479d41c6219507d3a4a3a5,66.91
0x0e4a699efa0dddb2d2918574656897baa5e89ff3,66.9
0xa3f76c31f57da65b0ce84c64c25e61bf38c86bed,66.88
0x711894982f99cf253c197816227563dcca77b779,66.86
0xac1efece1ee84777f9654fad439c9d9e7b62814b,66.74
0x147a76ab609b220b01bde72e1c369f3ee3648f0c,66.73
0xd56a5abac0c320b7c04b298d72587df64c59bab1,66.62
0x8eb93f1c1eaea90a317b21eb69622bafd41de293,66.6
0x012916ed48b20433b698cb32b488e52c639a2a66,66.6
0xe248e8e146482ae90dc02daed506d802a8c5ee9f,66.59
0xe18b2804a7c25e0895630e6156252dc375dd993b,66.54
0x9993c65221dfb6cd386545500c4c26d2a875b914,66.53
0xb97545db2e6f618927e88a1d8aba8b2ed4e4292e,66.52
0x60a71287353f3ac632f3e75fd1be532850aa5f4d,66.52
0x943478c0c82eec190532019a17345f1e74ed0d33,66.48
0x7920602f406c9f215ceebff7bb23a5897fbb6586,66.44
0x559d0e710cf8d035bca3e859af1e3332b03be2cc,66.35
0x9ccc9b4ba41087f12c5d621be401388d9c1ee761,66.35
0x7e5260d3df00287cfee9b2e6aa1b0e2ac28a3bc6,66.27
0xf2ea7df6e3636a69ae76073251a23acbbcca4478,66.22
0x753f0248223a8347a80bff2403af94283f76c7a3,66.18
0x4af1bd9ba3af495857cfc0cdcd3212a776df0749,66.16
0xbe51b497abddd241aa9325021ec225cdfc9a9e48,66.07
0xecb989588be2e2d839f8030fd0cfbcff6430a922,65.94
0xf5a8e355621e487c1e2f2d55f0070a084427661f,65.92
0xf2b07a31316ee4eca5c14c5f237a9903b4806236,65.91
0xe2bb94210b41ce4c01b9b97f3ac62e728e472f9c,65.86
0x7048900665360d88d5d099f7aafc91e193b86e0e,65.77
0xbbcf3985eb53c30a8eea01d9357314d61fe0e727,65.73
0xb01d0063978e8a6f96dbba91d681fc0c571040e9,65.72
0xa66749ea756bfe7980f4bc5b31d2cecd6b9f9051,65.67
0xd6ce02cbdc17649ee3438d04f1a8d2a5123a1dde,65.62
0xd3b2f23260ff1dd411a3e4db688c4a867ff589bf,65.58
0x0bf6414e903a9787503673ee5d1b65391a50cb78,65.46
0x68f22fa37872797b1975f4c402c2679981a1fb94,65.4
0xe9fe8abc115e1ff1502bde66de6f85a41621d4bf,65.37
0xbbd2b73b30f2b79de4664354129a234fff0b2331,65.33
0xddcc629c76f311d894b7c2953942a8652df2985d,65.26
0xe76841c2e7b512d4dfbc930a35fad531d3defad3,65.2
0xdccbd329480ddd9c45d25387e38c05b026a81b1e,65.17
0x1f6b9fb3a37aef4b815f58d84d55779e42b19482,65.06
0xccf8f4148b7ac7985cd34642af87ee1485b5446d,65.06
0x6f3fbbd7a55981c386a638648706b6d08b34de4e,65.03
0x7beacbfe7b7655eaace6355e776762ba1f54ab65,65.03
0x5fd5da30865c15bcaa683f5977edca75651fd399,65.01
0xec6ec0230294d0f6d931dcf971676f049ec4edec,64.97
0xdb16bb1e9208c46fa0cd1d64fd290d017958f476,64.94
0x4c4be0dd58aac233447d9e65235fb4ad17723b29,64.93
0x8a7f82278eda4a2fe8609aa0c2ca0fcf0985d563,64.93
0xe9947f9d6137be1efc8525384c49e964aeb4bcd9,64.89
0x06cb7c24990cbe6b9f99982f975f9147c000fec6,64.86
0x3ea96486ad0149eca5cddd8d5847f9f7653ea6e3,64.8
0xa6059430bf5f1e5a3ca58d0629353d768fe8266c,64.8
0x6e0fc47ef368daca4127163c85c50ed327dbbc41,64.77
0xb206ebe579be55f5b57119bb2e7cc63708eda1aa,64.74
0x7d3e9001d53c103acc724b7ffc3796151e6d742c,64.66
0xbec0d08b53f8c4b286210f979262d85d32334cf8,64.59
0x0d345b079b9e3fa330c88bd1e713469bf239047f,64.35
0x2577c7744f92122e0db0f641c5e0cb4ab5a87dc8,64.28
0x39fb5c9b7e300b1f5e6c6fea9248b99c8d1bcdee,64.23
0xe8c9c926596f42b6f9d55ce4b29e772380908343,63.98
0xb5535a3681cf8d5431b8acfd779e2f79677ecce9,63.72
0x22ad0012040baf64f5af6d2d3f94d98a01137a9b,63.69
0x4960170d73f32f6e28302cd3f356e284034f2880,63.44
0x4e1e47a1cfe4695eeadf12549907247ff4b7cc85,63.43
0x0521c7212c72e7fb2fbeb9be54bc19c5004bee47,63.39
0xce65abcc7fb9a749b20ed669362be4c72f06ebc7,63.34
0xb7873966c7f49d7aa506f7f4a6e52d81635b1da6,63.33
0xa458dcd1adb71a41c1004cbf0bf95820371c630a,63.15
0x8a42e76d7fa4cc5c0247ed542febc5d5eafa9bfb,63.07
0x7e6f6621388047c8a481d963210b514dbd5ea1b9,62.72
0xdb66625c49b22011ce997b3a5ef9c0a3cb25d33a,62.37
0x54734fb2738c1dfdaa4de703126db149ab7855f4,62.18
0x53311150764f7eb2999022ed1aa5a8c17bb5fc57,61.7
0x18fc6e5341d57c757659b888db134c2eb366e97b,61.64
0x1233e098c9a87f610ec3a4354e4d6c8878b116c8,61.57
0x9a939b3070f2631504d6365aa9d686a936407b63,61.57
0x21f836ef326abed3ebf2eac9817c9ed1022c7716,61.57
0xdda8b6f3124cfe8c520563a1ae89699ecc787933,61.35
0x69353c7fe37875c0f83dc7170428ef8184a15914,61.15
0x01b037084eba7e4519dbfc9ba026ae696746e033,61.15
0x031291aa04a24e90fa704ae1a51598944c55de4a,60.94
0xdd9edbc0adb53b01e97aa0fadd0e7c21f467cad8,60.86
0xde639b2b5a2e62ed843f52a1883f5c782cbfb54f,60.82
0x89c1deb43fea7f299d404e7c252b8c2c7e79ee17,60.81
0x54e83ce2cbc8afff1d1f630ac522006da9c1ef31,60.78
0x2cb582c662973428c60bef4c3bd526edae4c2177,60.63
0xf22e148145f7856ea37fff80363e0a06094beea6,60.59
0x07737955549eef53a7845543dc20510f50903884,60.58
0xc6145175d51edfd6383851dc101f5872a79d7829,60.56
0x15e96809719816657f898d3617df70a143be3868,60.56
0x772fd7f0cb8e4199373d9d0d9fd250ed791d18d3,60.5
0xa3769841592c3fe686f5ddc697f2c39f2d9f123b,60.37
0x2100e69b84c4401a0f0948df0074cd1fa7799986,60.18
0x9eacf519f5a1e072339463a61143602e696c751c,60.0
0x3fde0e6ac80a11f4e4812e769d4d80971a01dfa1,59.9
0xca59e36606b761bad712428f7667a6d7b5831cbc,59.5
0x028ba041704644a05d49da2c72cd0ece5f37bc46,59.31
0x2b3d0387a90069d5f9c1e4eae5d520ca4ba85ccd,58.94
0x6e3c6b12604f61738bbac818fe307caa48500d83,58.9
0x1c436780ce63f6062a114eb50d552cd431c4cbe4,58.85
0xf0b22f7e45a223a106c35eda11bd055a70a234dd,58.67
0x16080f00eedea8348e33b66cb2f47a373b8feb0e,58.64
0x5d6dc617d38655254ea718044d37451e75144357,58.62
0x4164a39dabcb13c555bd795a64c59a2b31febc9e,58.6
0x1af4ee99bd66c2da37dea0078ded23c01cb64645,58.38
0xae17dc779163b4cf2e0658b123c69d5288f49b2f,58.38
0x8b4ce7308ab59a070ec6ac6eed8e57c4c6d49e9f,58.36
0x49468b6d077df27bc1c9eac737618ec3d26cf457,58.23
0xe97eb08222990b6835038529bf5db591cd3b2b42,58.21
0x5882e9b2ff312c1cb29a72ecacaca1ad22f73653,58.15
0xa62ba163e57219fa1e67ec21cc101b5e5167d111,58.13
0xefa04745a00aad27d495811a3331d9fac9dfc75b,58.12
0x4de24ec733289921e7d190834f8e5f935d5961a0,58.05
0x391d653e56402580eb30cc5d9cb3b9c12f424d7f,58.04
0xac813b8cf08439d43a7861548ff87184c0eef979,57.97
0x5f410d4c4fa975ba55ee8b7769a839baa09a644a,57.92
0x6a91ca7a73efac250aeb8142bf75e92f3d470e83,57.81
0xf59d6e2afd1cca57b17b53a80f0f9483cb3b3669,57.81
0xb819706e897eacf235cdb5048962bd65873202c4,57.78
0x709a71cd574e6c1c7064ff62e0dae652b7c9e359,57.74
0x7403ebf0cc50a6ec7132110a55548f2cb9f48c3c,57.73
0x13b3eb7758a7cfae23cd2aada7d23566f02614df,57.64
0x47565257eed238622b0eabbf0ed9982c5bb43d8d,57.63
0xd4a14a8fb1edf891ffdf82745ea56542a4037d7c,57.58
0x93b0d00464ce0e724d4505b2d86cda7e54e189bd,57.52
0x39b0f0a335566d07d793626acedbf39c9f2e70d6,57.49
0x286d96b217f9a941b74fde5c0e6da984e0f218f2,57.46
0x9141569a92b3f6d3940f52f759b70c64a68fcd9b,57.46
0x5772251bcfc4f6e624b07e623b464498227579b2,57.37
0xde0c947cea3a28dc40635722bf2d11d5179ac17e,57.26
0x105f96c0c874df7720ad8dc7d5907f1a38c1490f,57.19
0x68880114a744cfb622862fa8fdeb174fd9259fc9,57.17
0x15bd85a50fd2ac065976ac1228be60cc8911edee,57.15
0x7df4fb3702ec2cdce802300139a20d0656a7b91b,57.07
0x45df6f00166c3fb77dc16b9e47ff57bc6694e898,57.05
0x8dbc169a6fb0fe34149a4ba21e51dc31d1f677ef,56.98
0x0aff497bd016000185b1c8302fa98a88ff4a4178,56.95
0x68610fa534ad6a5bea79f1283b7509aec505b595,56.95
0x104821d6b232b08f779dc2ed5abead3693209334,56.89
0xc8b33552776d1ed258494b7717c81f74a8346db7,56.87
0x059793939effe3cd98edaffad580abc181b1a96b,56.8
0x4a8ef5af5c9b9149bc56de577eb7cc493157ceea,56.77
0x096031031c39a311f37e0d70d948640551ba6b89,56.74
0xdab42792a34ba3715eeac5e1019e3ea717a766e0,56.74
0x537b99415d1fc2e75af0a661f6291b4848e9296d,56.74
0x00b466c41109eda7be12406d06b017f77732f065,56.73
0x8590076ba8d5648d51a7d28a0710ace1904f1637,56.59
0xee445b91d379291d10b78a54482d6b07949fdc52,56.58
0x7464ea9ca1c8bb65fb7eea802e09b175b718fa20,56.48
0x14c0a2fe162802b41674b17c6bb81cc46bdcdfc2,56.42
0x8fba0bc4b671fd39f53444b93cc0f7ad922d726c,56.42
0x8995df7ccba49a2b5026c3217923b89314670ced,56.4
0x9d337f7bc48c02da80a616626e18a4740af39284,56.3
0xeae16f090e47d89a1d5d37953b0b702f5a9df04c,56.16
0x31adfbf4f653bcdc3a12c889fa721ee76605ffa8,56.16
0xdec7eccd6e1abf4149b36ad5dd53afaf20eaa1a7,56.1
0x9a12a39598da416e2b1dfb1243395882224d397a,56.06
0x5e3f5d26488c927a1dc50d13291e9ae895bd3369,56.05
0x44e88af9ccecc4de798737cc70ee011f6c38d00e,55.95
0xdac011747063725d203b6a00d6986b684c3f63f0,55.91
0x4d8f7f3d3e5d9faaaa1ff445716c66f3fc1c6be0,55.89
0xc5c84a5d954b5030e7ca375bfd4ba42e94f0995e,55.88
0x74aca608e4147a8f47861b48ee2de9cd3ce8f0c4,55.86
0xc6455bed8413c95f6c69c5b58988777114d7a403,55.82
0xe4e34d4fb658fe229c39ade0517b2128d196c036,55.82
0x5e04c44bc532c39805ab789c60879c3336e443c6,55.74
0x85a880f574266f7419d31ca4d1de09aedb0afc88,55.71
0xc43f964622440356da60bee2d543a4023a8bcff8,55.65
0x093599e111a14aaefef98573f26a7aa2cc58ebff,55.63
0x4cfd6c324110069431752ee6e6cb1a646f030cb5,55.52
0xec93e51a4e71b46db980c11ce870b650bb0e5114,55.52
0x7234d3cad5bab3a0efbcea0c4c45755d3be5a42a,55.51
0x8c263ecc7fe4eb9fc994b447830bc3cb8b3c9742,55.48
0x5685464e236944bd2727d3afdb40d121ed747dc6,55.29
0xe6cfebbf5d9b78da17345f1544cb9002ad6c19c0,55.26
0x8a43fad47ab354c98a136b234bada4163a255f62,55.26
0x07dfdf8c15cd738d0d85830127646fb6b2e4cadd,55.22
0x813cb91bb0c03fa6ff13aad2eb0ac245b64f4dd4,55.21
0x262ddb3660e16ef6683f674f5e45e1c2afe914f5,55.21
0x2618583b79735b2bee178366798bfcaa8c72d0cf,55.2
0x72928f734355a88b3b905a7424e2690d7f699617,55.2
0x8750d08792659615284a2c9deea56d11cba1f02e,55.17
0x4104fe93acab3e409f7e71b9197a66614fdb111b,55.14
0x00b2849c2d15d484e62276c4be00c4e8fe981547,55.14
0x5eac39f38a35a8fd074f876436e4519aefce75b6,55.14
0xfb702e95fa231c5509487a9e99156003985fdb9e,55.08
0xa1b3ff9b76512651194be37a669093fa64134b45,55.07
0x63c9bfae4317b14f758355d86261da83c884d610,55.06
0x57f0a2944212e193e2e1fafa625e31d24fbe2209,55.03
0xa0c903f8795172a7915e68f5c06df10846d938d0,54.97
0xed65c1416926c87b2336b65fd18c5fbb451e6cc8,54.96
0x3a477aede0251c12af8d5cb345aff8d70cf6706a,54.94
0xf4f3e68abc83b81e10615a7b0c2e611e12eaecc2,54.92
0xa977df34c6c311212fd427d4798dadd45652182d,54.89
0x9cafb4fc7e51d295afc68403bb49c76625d2cdab,54.83
0xc78f3ea41dd17d51113045c343e3a3ac5ae895ba,54.81
0x1ba6172aa739cbfc49c3a961d295e6e7b22b68e4,54.77
0xc871095098488c17ae14cb898d46da631ad84b59,54.73
0x45cda3d126b7b074f00e771b1ab64f0e35e6776a,54.73
0x4013ef723d9a5aae3f9b825a4891eb019da7ad6f,54.66
0x05d77af785b7715ab0e51f8db28c3d6f725b97e6,54.65
0x26dd71418840d2d8505251d2c6445d9a5834d3bc,54.63
0x30dc7b09918ab7bad4e9900face93373b1bcfc33,54.47
0x0858aa66dfcba0a3e29dc817d42d0aeff613b113,54.44
0xcf35b698fa1a412de754dd807d89e6c207eb55fb,54.38
0x87279585d52f534a2d2e453518cd7890c5762d19,54.36
0x532fd36ea87cf9f316fad40b39385a4716065b8c,54.2
0x0dac0e020ce53159d02b06d062b61c26ef0cf469,54.19
0x11543878747e51e5ac786326c23aebed607a3cd9,54.19
0xb5f723420017f0dce336a92c574d09851decf7f9,54.07
0x9af999595a08210fcaa705f0491a800551f73388,53.98
0x8981e8eeceab2734cd8231dac8341c812d3a7201,53.96
0x615029f82e1844f2719c723f66e26aeb3e9b780e,53.93
0xde43dd8250d2930eab2fc38990834e12ba0e2885,53.89
0x37f40a3fd419af9d73c0046695acdb644ab8773a,53.89
0xefb7d32e8d7611f37849c25b5626b2dc0ceb2947,53.72
0x62d75fde870bd14baba4ccbfc706a92c6528e944,53.67
0x72f8dd17c7e7490eb0e1d52a3ed1c36a9749b19e,53.59
0x7da89845e7c3b44f90c2ad7fcdbe9d7704895388,53.55
0x1f63475e6aa6ad3cb182a2509264735f9db5b12f,53.51
0x61757f13773528330cd85e4479fde6b65dd8cdd1,53.48
0x84019acc6c9151b7ed7819d398a2ec9689f074ea,53.47
0x8debb3decb0401b557356c9cf49968d3043441ed,53.35
0x7ec2535417b97ca1df33f6f627cba76e849fe2c8,53.29
0xa230a1c91c640da7a947c23a889a3bd68a171915,53.24
0xd5a9374f1dc18158bfab37ecacd203aba0a44fb2,53.2
0xdc914144d4b678cdc72d25fb60fe51add8810022,53.17
0xdf90663d8cdfbc463efa6c8ef85a05671c8b2e73,53.07
0xb5b4c4f6a656e6a9c1fc301b206b99af95215245,52.96
0x3d79ed91a03b1d877dec2b304237725a1052000d,52.9
0xae49bb6908cbce30264fd061272098f40a80e442,52.89
0x798758d8e3e98701e06bcd1b2ed8a8577527b36c,52.88
0x47dd04a8b5c1e3a908b7f263f40e4e6fa34e0648,52.71
0x864c78235936e4ba413ecd51638b909c4b7b7bbc,52.68
0xcb9dfa012e0d162cc4124b5464f7ecf49b5f37b5,52.63
0xfb0018ad46c669b6a4c0e589c53db27daf7f7930,52.57
0xb85b27368b1ee6a59f8974c7e1f031bc615ca250,52.46
0xa725b17b42d3b4f64fb9bd2435480384f5998663,52.41
0x342a1bf27bbab638fdf1be7bd46b38174435d407,52.34
0xa1a5ba480fb12fa0219c75f1b617171cfe7081c4,52.29
0x66cf500cc81c31edbe0b09c4f8b6604a18ff4094,52.21
0x561445dcad87cddfb1a3b21bb3d1ee4d5e73b485,52.13
0xa901368aec255b1e6df31edf8aa735ff16bb12a8,52.08
0x8050bf63765b9193895449a552b98610f7f3e396,52.04
0x151a64570e4997739458455ba4ab5a535fd2e306,51.83
0xffec5ea11fa72dcfac5ae54da1778d9db46fcade,51.71
0xf94aeb2f4a168b399e6cbdf71ee31f416d901e99,51.7
0xfde810cdd86865f2de9f04dc00bc1ff31b62ae07,51.69
0xf1439930c10ecd35096f6a69362d9e74e2528f44,51.68
0xee0b0271918ba62b939437af831efc689365112b,51.65
0x522997b69564fe4a8b1bb5365b0bb8617bb2050f,51.54
0xc71bec2589397142f745f20cf1e29772f34e3a88,51.52
0x35c969e8b416f6888d5d03e721dcd154446dde0a,51.47
0xdd9b965b230c714861d1ed16109cdef75bb219fc,51.33
0xbbedafd5f399be88dac7222ce1caa9dd7cfd7481,51.31
0x400704a17a66de7f7682ff230d0cf12225987f4e,51.31
0x907193795f312bd25818bc56d489963341650373,51.17
0x1e1077a14c6163f4887617dabc4cf1d751a379a4,51.02
0xe00d58e8a4850f231c8482681657501d0e49703b,50.88
0xceef57f6c40a7cb2392eaad101ee0440aa43ba42,50.75
0xca5edebce95403c31be590c356ae65dd0b7654e8,50.7
0x68cb1f6eabcaec4526155910b7d39d5fa8d8ea8e,50.61
0x78ea493c7f11128643c205cfadb77431c3f4d20c,50.48
0x9a0ef593dcc6a77f80699c9fa00d1e138b67d832,50.38
0xe3ca73b637ce9280073f046a0eb78f15264013c3,50.32
0xea87bc86d64dd14919ce1564f5d8c5c5eace759f,50.28
0x93a8f4e0a424f6b0bd3a6c182f35b6ed9997e0ac,50.26
0x601e6e7711b9e3b1b20e1e8016038a32dfc86ddd,50.23
0x0903359744f4ccb5ed5ef5340e3af26762f7d0c7,50.17
0x7c0b67917305e69e763d49cbb183627eee8a6da5,50.09
0xe8b167e5cefb765acebd71a2e356a6a2f9e00aed,50.09
0x3b1aa4391ff231555b93609398fa8b7c4880da60,50.05
0x0662f876d21a65693180de7b6dd61d795e5ff473,50.02
0x4c5bead2b70af1f516ba3e50d40a70624bce6f31,49.98
0xc66d5be823969895ec61ed3e4b81af4a208f4b7c,49.96
0x53f1dc04587af2f5f36e0d4b49c9ab547804c479,49.95
0x057f1eab2d845a08f5c8902b070d6f365df148f8,49.94
0xf76e294b6eaaacace4cfea1a63184cb97fa25264,49.94
0xa2c62eccfdf4f93453464640ac197947e5e33c25,49.92
0x45c050b947b6edbd7848c97187e5dd9a3d506995,49.87
0x63785c2f4a9864302da3c5890cd55e144056a44a,49.78
0xab95c29198f082b86c2eed5b7c18aa5b80802394,49.77
0x550374d10763cc351122700df860fc5a1a67aeac,49.68
0x460a7113605c12bf435b66c7bc8f46fa6d7ce838,49.59
0xb5c9dbce29cb425a91438deae444b661cfdd2955,49.54
0xd0a70ba1f2c9e1f4906f7e7bb52861867765b021,49.52
0x66e2cace76d0c35241b1b2b8ff669c20c4b8ad94,49.47
0xbc280becab2bf6ddc0c126e9179d27bb0ebe52a3,49.47
0xdc11c313a28a68c6fc4df718dd93f057849e8208,49.47
0x4fc7b43e79d6afc0eb982c96dd9c025fdaa1504a,49.46
0x8449e57375c5f29f4fabc4facdf85d7ff59cabf8,49.46
0xf3357754413958c4702ce0f02587e94104751e84,49.45
0x01b1b62f15c8fb5a87a27fbac7b85c33bbc48844,49.41
0x951a6f6e32e99c36fd2d7d08af1c01f4ba95a8dd,49.33
0xf4351edbe69df03b166ff097ad69d7054610fc71,49.33
0xb7992598ac932fe2626d68a79bbd099fc293828b,49.25
0x1fc8fe46a7bb356c619fd40e08cc6c9828c3403f,49.24
0xcb51e9612711ead409a074f12a61e2d192fbf2ba,49.16
0x6f0196e372a83dbebb0da1d1d1a5396a28ab92ba,49.09
0x7051b475219c566865574f9a5315a6df23b33331,49.06
0xcee0cf67013d5242f0ace70e15f9b3e95db25a2f,48.83
0x173ad763c913fd47d43d4faf36be4b597e344331,48.81
0xfa72745c9ff067fabc3d9dea7df5d9c2e19b5e99,48.77
0xb681dc9bb4995f8521359bd6224c280c45c0b189,48.66
0x1b7a959b22c1a50798f3f99a501bf4b40f6fae81,48.64
0x7d07167d55edda306f7efb9a43a15a9b899698a7,48.63
0xe3cc1e474b7c141e459b9cb05142821c17d9024b,48.62
0x69d8549da3a52c7e55fc944785e85ddc982fcfff,48.62
0xfcc08561b2ac9ccd118f71fcf0e92ebc4139761f,48.61
0xb3c31e1b58699e28bc3f8575e0f63ea445111a8d,48.59
0xbc43588c4dacdd2b6656154055365f4ce4c99216,48.57
0x089e3acbe7588f7ed3a35d4555d0bbe7e2874e73,48.56
0x891c0f682ecce69f8354063213b0905691200c2e,48.55
0xbf5e0c2607df88f8d32d3dc940a8db8c33f2046c,48.53
0x4084a2a8440f821c7dcf1b6ed658c5c15e1bdd0e,48.52
0xeb6cf828acadadf91341c04140216fa65f26b296,48.52
0x008678977c3dc825357a4dc77847ebbc4f156956,48.46
0x70bd29d01c89686139b55b0bf804fb55d99bc7be,48.46
0xf8ed34da392b9bcd0fa32de3fd09f1128c9a1f21,48.45
0x6c0c260f63273a73d4d0852079099b453ac3a8c5,48.42
0x64fd9fdd70a4a958dacb642e6c706bd7226b5d95,48.38
0x974536d825fa748a43b4596368ebd53af7afa6bd,48.32
0xa9bed40a14204557ff41f5ca394aa1fd588f460a,48.32
0x3031c60ce97fb40b4b5182a1c3ab25979ceb953d,48.31
0xfb518e9f7ef0e924c756e2038562003273913a39,48.28
0x65da0970b9a0153db222056b50a84a46d8cf40b5,48.26
0xc14bf9ffd8de0d970b3966cbe88d05d22b5febfb,48.25
0xf0f30c05b2c031c237002b17ad9f7127a7226be4,48.22
0x839164d05552fa76ebdf91ee726243d9ec97fbf1,48.22
0x5f8e77a103c705d1c830ef1fee807a69136c7349,48.2
0x838025a84c1b64b1d82f0102f6029fbc6c59c8d3,48.1
0xe6c1289d4b2b14edcef8a17cb9d78614dece15e1,48.09
0x7a51da4b45060154847d95255c8cd73f0526cb70,48.05
0x0a9dfa18fd8fe6a0aa3ee6dedf0a9de05f167f07,48.0
0x9d0ddf73322ece2bbdd79c47fb308538e981a7f3,47.92
0x5cedb83912f06c149ceb34ab4ebb7845017c5cea,47.87
0xa624041adeef3b3e47cfad3439e4660e919d86fc,47.82
0xccd9d9c8f7ec2a57b90ad83236859fab764266ca,47.77
0xaeffe9fd9d3bf121c165b0cd50a326831a55e5f7,47.72
0x431d39c3fda15006ff047ffc11f5b57b22d02bc5,47.58
0x3918665830e6e044a75f56dbffb1b925fc3987fa,47.57
0xd1e3b0bc7a39ac52f17b6d0a47be4159d14f1eb1,47.43
0x9825ffce0b547474cdc71c97b361a8c6ee0127dc,47.4
0x06d6c2f9e16a0c654532d7dc74ba7f1b9f494afb,47.28
0x3977f7178277035eb6363b0b94ce75aaa312fcc4,47.25
0x6afd9cd6f6e2aa02b0e604a3b7057b3104330880,47.21
0xe037cdde28ec42da5be8a5e90617e287a6ebb149,47.19
0xf946cdaecf5a15440e500e61a0c1d179a93652ad,47.18
0x4b43041e418b16bb7dcf94a09f721cc73574fc04,47.06
0xf3f132973131f7380dd9a827046ab7a8bbf10be7,46.97
0x9747722c7070ea4d00fe8b0e9715f9f74070f3ad,46.88
0x9aec043e747c8ddcf1c856733211b344aaefa04d,46.79
0x2a3fbc6aba2b9cb050d7b28fc12bdeb00bb8161d,46.78
0x2b0054c0b1c976aac8f014bec038a8568bacba9d,46.77
0xd1b5d1e89657353e4706f8ffa440b9eedcc4cba1,46.7
0x1e9f2aff9cfb40d3aac68b9948f0eeecaf731835,46.65
0x43cbe06ae877d257fd4f46b9247aec4c004f3d0e,46.58
0x1c631bccd3e7ff9aeba61cf8fa4269552299fcc4,46.54
0x0427723709c49041787a0d21279b17b4fd4ec890,46.45
0xa0c942a8bc551aebfef713b2a1438288d1e59eef,46.42
0xb2b84efcd97bd943fdae9c329ca5675596699994,46.42
0x504f47e083e093c7210957b025968c4e031b14f2,46.38
0x1d0b7c60f9d5eb42cb2ae9d69f136ee740ed5a8c,46.31
0xe99379827cbf37c6c66c3bc99ba0eb5496468242,46.24
0x597ff227d9d75b8582c29a5a62094d807f6f430c,46.12
0xec648abf3c97c127d7352aeaab7e56fe853c4a32,46.11
0x9bf62c518ffe86bd43d57c7026aa1a4fbea83b15,45.95
0x10dbf1c2dd47712d52f95aded83128f6c48985df,45.81
0xaa7fb24205a142bc23388e411199c6aa1528d650,45.8
0xca54c3123c855bceceb0db69b034e45530020f26,45.78
0x00ba3cd789d0dd7fc19e91045e3f454fccd37165,45.78
0x26a6dc267e276fded7b40251c8fc08b1b40df367,45.77
0x3818999650d95b14d76f8877060c575a02e8f6d6,45.75
0x2ebcd7bdeaf346177497ad001a1b638f30e62e0b,45.73
0xd6a1def3882849ac3aee4e59da2f0968371c8730,45.62
0xddef74bd1ef4915546ee9371928123475eb2a354,45.57
0xa722851cc1ea7db384f1e04d148ba92e14f5fdc2,45.4
0xef15f4c1a77cbbc03842fb01cec10b44e8879923,45.38
0xb5d156cff0049bf337728774d953cffe7d9fdc79,45.34
0x31c4d313b237a7e78ff610173f56fc5cd1d6aab6,45.32
0x28e2b87d43fc8e6b379f3997f81871d825544df7,45.24
0x83563ba7f1b093aae57fe876f8d870f8a1508886,45.22
0x62ec90b7ca529f353793e420c6f8233b0eaed2fc,45.21
0x27769d8663a157af4d0cdaeb436b54f4a87791fa,45.18
0xd20d9d087f5b4db1c330a9dfee907f0430516cfe,45.16
0x356614d974a439947d1f92b6e59a675c5028db39,45.14
0xa45589a59f08cc89494d024d67849224581eeff3,45.12
0xbe6fa457fdd32d69b917aaf11a845f5176fcf369,45.1
0x72ecf23b87923a7cfc167e6089b0ff4ebca8f69b,45.09
0xaf93d62e38c6897c121a76f8a7ea322cbc6e222f,45.08
0xc3f14b71586339912d5407208e3abf6311f79d33,45.06
0x76d1b95ef7b01f964d6f6ab28132ad0ad2799d6c,45.01
0x51738ac5993d2fe4535798e31dca7b71740a1e38,44.98
0x245576e4600634b340be74a72359c6ec803ef4e7,44.96
0xb599f06703b3c8eded14f4ae46d592d0c105f522,44.92
0x8870230b32d211d41af560f01c303b4c2daca33e,44.89
0x0363c03a541e2fa9a246edce8968e51e6f93b346,44.88
0x823b92d6a4b2aed4b15675c7917c9f922ea8adad,44.78
0x4a8f4017d34fd7d23ba4c64107a041d94348ee6a,44.73
0x562bbed7a8da42f1899588dc217cb6c3a738dee7,44.72
0x88af1ff4d31ba28f75083479b076246ceee6bcc0,44.69
0xb512f6eda8d66092c5ab1d6c5ec718970e064683,44.68
0xc6647c33187760a2f79109ebb4790763ad7229e4,44.64
0x7f2b694192d8067d509d0ee51aa969faf3495486,44.64
0x10f69553c7b482536155cdc8d904ae833ed55f98,44.54
0x388b93c535b5c3ccdb14770516d7caf5590ed009,44.47
0xae30fcefdf4bd1567592ef276b4df5eef4af798b,44.42
0x17e0c19f7a34180e1cb2cbd12a4145d846fffbe8,44.29
0x73fd0afab012d7c93f821e177542e9de64f6ae70,44.19
0x4b9ab19f4fcb4291d970547b6d3817cc761c267b,44.11
0x8bda633090984788ab728854fcbafc78f3138ef3,44.09
0x6c29930daf759bdd2482cd3cf63d4ef8b48cd8bf,43.92
0x9ff8acae8520630f2f8fa55a7766f06c0799c4cb,43.9
0xc7f91d9f1a2609c89d600bacf38a21f09e77ddd8,43.89
0xdce490728ffb49fec9d9ab57b55dfcf182f6dd48,43.77
0xd8ff835d432bd6de2a507203e430380343615e56,43.72
0x4c13f91245a78b953cedd4f01e0285ceeb714d0d,43.72
0xeea3592e15a477bb32233c8194780541863b935d,43.65
0x4e55024ce626f2b05fe23db36d7cae61cb523a6a,43.61
0x1e8bf6600d337fc7646f59dece0215f41cb15399,43.59
0xaed2e9defa50bd004470ed100c9f487dd4756d77,43.56
0xa74ac80a1be9d52588916aed5ed557bcf62b95d5,43.36
0x55c12b5b4a1bf151076e2510832de0b8c9fc249c,43.33
0x276671eab650563a98899866df4ee6a401a303df,43.18
0x6ad7fbe5c12dea3b186f389756dcba2a1220cc8b,43.1
0xbba5918cec31bd93e3649857a4b3ccdcffd5c903,43.07
0xb7804999c87c16c77546131a011b927707c58e0c,43.04
0x1a4689403e6e70c5e37046cd43db1847c6dc3e7b,42.98
0x4065e8827f74ff75387a82f78523d51e868de9e1,42.81
0x53fe024e1d201bceb53863450fc6174f2cbb45e3,42.78
0xfcaf23cd231a119c7eee6eb0d6a795de1739c541,42.74
0x4bac6b51cab3738131a19be3c8f94b2fe8dbc633,42.51
0x80cd9d5765a8e19835f046978eba04401c8c9d69,42.49
0x6f6d9578ff0a286ccb442a84c329b1f6c7a37580,42.38
0x24e5b7eef6fc2577469c990a72dff26aeb4cb18d,41.97
0x4ee12c95dea425d7c1d8e3f0239416a128a68a68,41.93
0x0658b4d806befe9669a9fa4528708c99f1e5dcde,41.76
0x18c0aaad81a827463eb4691595afc43174979789,41.61
0x6ac2f6e137fff39a5615c4dbe28ca384a07cd447,41.56
0xf156837a58aba1d32e2b3c1ed750e187a0981aa2,41.49
0xbea35f8930c2048bb07fe7f8bd5f2af1a3b0ffb6,41.46
0xa8ea5c302d8ffc5f758370e1c91df79ec0d77a0e,41.45
0x52ece2e9ca0cf3805fdb45cc6db559eb41ddabb9,41.44
0xeeefd9e36a00b2bd03856c1e58e932765ccabba1,41.43
0xf1f34dca3ec4ed619b6610a97ee720cf2078f6b7,41.38
0xac65f777eeb0fd0abea4c9fb78dd86137fdb69c6,41.34
0xb7a01afd40d0938f2e5e54f02b97f116ddd671d7,41.13
0xaf5cae4e99171a850566b485e41d5d7886949750,41.13
0x3f34639387e4b34928b4ca50009d32c5f50dfc31,41.11
0xc1a71d841492e57a9551123976ee1b1922fd2b5b,41.1
0x868a30ab5af30f32c427f7d6effaf06ef3bd2508,41.07
0x534d3ead34d4ee74b3a80770e2649f45e30edbcf,41.06
0xc92961c9c837be0c14ae4450f5f990acfcab28b4,41.05
0x463a5cae1b191d8a6e1c7962c87c2f2f4cdd4da3,41.05
0x481d10184c7d3fb2adf7183f3a03dce2996fe9d9,41.04
0xbd3fe6e83fec5a3f3dc99ebd1088cd0737eb8294,41.0
0x2e5b27a6ee216c90f6f42bfeadd7cd25888e5be3,41.0
0x4f792564116551c3434ee84bddb79b02b6668654,40.99
0x6fc5f5c9d7ed6111d4601bfe291914cfa0925c5d,40.94
0xf89694c646d448c19319d1394996a43a9bea5ccc,40.92
0x53446d0123f9d18cb1e96b6c2bdfecc38248cdb8,40.91
0xcc845d2fa9e9b82bfe4338c435b3074b27927f1d,40.88
0xa0357704f7b78306f401a03d08d1d7b8a6555acf,40.87
0x2a0826d10cdcec94389df2fdcbb3487252bfc2f0,40.83
0xaa0b577db9f0d5d1707af210804b4fb6da256c16,40.81
0xd027161dbbac1502d39a263449553bbf415dc9f7,40.8
0xced2f0dcb70757339f7072a3ffa08a4a73497435,40.79
0x6dbe901d689f5481522663989f84b1416019815f,40.74
0x102defe537692e9f5a7a93f19f3dc28697a1dc60,40.73
0xb01fa81d704aa87a35ee764781d2d7e6a5e510c6,40.66
0x7f633897726e571f94db88b80b7eeabe4c373ad6,40.6
0xb39b8d7614b017c3f247ff254848ee464a2ce836,40.55
0xddcc0523d175955971d9075160dc1fe08381f2e9,40.55
0xf655e1235d6b51f66d655ec381607f5549d060df,40.54
0xad6a0e2dd82c4db75da488947ab91765c8898c15,40.52
0x96b4acba1fb31f4de13bb292812c5f480a2ea56e,40.48
0xaba19afbd4f2fc1f8b2f448b1b692f7349bd2880,40.36
0x80406ab5e773b75c2bc6bd619f1e523d711ea3b8,40.35
0xf615ca59800cde41c4e339b92174918e7dbe32ff,40.33
0xb821a5da474c1baa1f3e3e6e440171cf08c7396a,40.27
0xf1c6a281452fedeada164731895b1a38b5476516,40.26
0xe0cdb30bba9eb7fb0ad09d7bc8f7d32e72a93b22,40.23
0x135dc2e772af96016419c010a24376e9fd02fe35,40.21
0xadc24d7b630759a3af7f52716d91299c999a2213,40.19
0x49110185da69fccbf691673bf3b1828f6a4f5438,40.16
0x7bc1d6e8150d4c96917901c26c922dd64654b3c3,40.16
0x9b24b757edabf8aa27457e358cb7f0a393643716,40.15
0x238ce56261c49ef2398651bcfc397f4a2d837832,40.11
0xabac66de0474ca4d75dfcda5180fa637205e44b2,40.1
0x1385c2a74aefa964b6aa3d5217707af8ae24cd67,40.05
0xbc4b648aa7ce9e8fafc3fe2a9a6f5f8881dd171c,40.0
0x085b1974e2dc7f2e70f786431625bde53332328f,40.0
0x935e1e1e40ddfec9aa5ede35d1cee8074adf0dc9,39.95
0x016f333ccc88c77c9fc6b04be4e16249dcb5ae9f,39.94
0xf69f2856df38873b2b3548344581b8958f5105e4,39.89
0xd1130812951e179c89566f54942d32065003882b,39.86
0xda8185fa99e686be3cc8b05c56f87d74233cd513,39.8
0x8467d7e3383ef07a382570eabffe4b92a7a5c67f,39.77
0x39327d1f12170f303629e1129bdc22fb10fce919,39.75
0xb62d1ff4f1c155354075b787e63fdf376e10a881,39.74
0x4c720b820927890fd490c777adf4ecf611785569,39.72
0xf16856d2fc5bd6197a539f6dbc9c5dde580707ab,39.66
0x870a6be2dfd6e1210d58619b6633848ab31469ba,39.66
0x35fb598a156a57773c8d24bc3d0ab61178d8bcea,39.64
0x27ab7449eebbfe1c4b14041bb82a008ff75af824,39.63
0x77823209d7086a13600bb55fd4fc216dfe305157,39.63
0x91b57cf258958ac4dbadd5b72f8ed7faeb69b2a1,39.59
0x4990e88463265d87e7c9b138eeb93c8535e11253,39.56
0x2e882f9df47d9b8356ed5f73cec330cd6cbb603e,39.53
0x9a061918ba0b66851adf42276dfb172b04dbbf65,39.52
0x21359f9b50fc84caa592b8bd53e84be06a2658b4,39.51
0xc28e46b95e5c6159384a1c57bb497c8db1775269,39.44
0xdc494a059d259a90230fd7223565981c4065dfae,39.41
0x4707207f89136c1f1e4b67bc1bee349149a18843,39.4
0x8aeff84d089341fe9e7b9140296242ef4b0b3147,39.19
0x7b5a2982c13b99602441519ed0a8a5caa832c91c,39.17
0xd25209548e42fb5d3dc985753616a0a2e197ff94,39.15
0xf7f6192e35d15a153105d4476a1b4d59ec2014dd,39.12
0x88d695250c2d6f9568dbf2ce8044f50fc644a07f,38.99
0x8821cb75d18cbcfb7009adf90cbc391bb83929d7,38.94
0x9ae7855cf6955a11784454cf5c2e391040c1c555,38.59
0x21c37f69abb1f179878d8e8fd433f28671382a8c,38.52
0x6859b20258d2955e31a3e5acbcbfc720c7c17fcd,38.52
0x6c7a528984d76fc1fbaa5ffd48cf65f2bba63fd4,38.52
0x015b9ff5766dcc1ecbeee087d0d2c2c5682cdbf8,38.47
0x2743072b209ceb0698c27d917342e15f8993ae00,38.41
0xea4c5bd8fb85130439e01ee3a3f0348edcac0858,38.41
0x843797905f1a991345beeec839919d3aa6cb600e,38.34
0x3fad8bcd2aea732d02a203c156b19205253f2a06,38.33
0x74d7e92e17d4ae75558d89eb4e7b42f6759226d7,38.29
0xbd2b85fc052557c58c102254e11d012cfb4a6f45,38.26
0xf6f66a0b11eb931844f46b5ea865da615b965f84,38.23
0x7f9d39de53a3036463146e91e921cc9fbfcb2de4,38.19
0x4865342e61db1a311408ceb931451fb0f01bb718,38.17
0xd72443253b4fa91e156ac08d56e004fd811dc51f,38.14
0x2e54634e58a2aba0b9af2054273e6a178805e246,38.13
0xefccb0c8dcc7ece05772b1b37bd456f90d34dce3,38.11
0x53633c539d8399acbfac8e0f2391b35ee4cd6439,38.02
0x7455812b299acf993de9b543e2960ee3a15149da,37.95
0xbe78e74018d4c5d45b5779df7d51cb916c7855fc,37.83
0xb0923f1820a62065f980601192fa0be8274763f9,37.8
0x51360b0c75af14ef3bd2720796da501845147d4c,37.76
0x0949d8b8e20d21cd1d78c38efe345583fe5e1122,37.71
0x187318f330e9e6e8a560b44a62577b5ff0e6bc1e,37.67
0xd548635d7ccd743f4122a9f3eabc167cca854e48,37.62
0x5bd685375c21375165438ca7f3eae7ec4fade8c5,37.61
0xd65ac35cd234c8718b876ab304fa56c8995e387f,37.57
0xa9e69d7573d20c629c1f2e27c1f2b4f414339535,37.45
0xa5c0ec91f3a4d24a699b37f9d08a1afc4c363822,37.34
0x2a5bba14cb3b52a2d80ee21f2bd849271f645f35,37.27
0x68af1f3f341a1e690d16e0b03f516866093972fd,37.19
0x889abdd2bc0f3a884e607279ba132501698fbcd5,37.17
0x48f78003f2fd9575f7a75d8591eab4788e50a82c,37.05
0xffbb8a7160497a928c20a198ffccd039cd729162,37.05
0x5549f00a19a36802e7efd332894451d809718012,37.01
0xfe28ac0e36654ca9a3ec59616b7f42fd7511d306,36.99
0x95215ed0244c66b740a18da00d29496591390969,36.87
0x00ec41e597074aab4d79b1574ceec89add35dac8,36.84
0x330f76dce5ad19f2d28225d90a2fcf928f970ad9,36.67
0x85cc531a2c91aef52a41baf28317069d8a76c8a0,36.63
0x794b09fddf3aaef48f28a4349db44d47aa742307,36.63
0x8c8403d99ed196aa25be213e1564eb878611b35c,36.56
0x1781aec6a05bdc3f8cff77f669b5551c97ee69d2,36.54
0xfeed2ebfafec07ad46233eb2930d8c545ba01441,36.52
0x1310bda0cded1bbe606664d547c6dc6578088910,36.47
0x6a1aac199b0fa1cc0636b5f20bf5687bf4f80764,36.45
0x00809b9263aab2856bf65be3d3bc3fcb9e19c1fb,36.32
0xf830781e71b1a9923b0508eaa62fa3034e1ae34b,36.24
0xa6f53a87de63e05c14dcaee438c03f4c3a369020,36.23
0x3980370c7fdd186e7453ec1ed5819ad2e3f8cf59,36.22
0x2e0fdb30ce1f7c643572d185252e5c321c1ee247,36.22
0x9c92d74ae777fa12715f0033ba027ecb86bbff6a,36.21
0x48ff26da30faf7180f8ef7af539ac83dd844104e,36.2
0x175e8ca2a7ad4f205688a6896daa572733e0b6e1,36.19
0xf102a0f1c800cc5b2e6e8a84f4bd416dc07e8ed3,36.18
0xb8633efb51ad17a571800a213dc2da5eadd8fba7,36.13
0xa078fc3bc47266baffeaa11295470616f4f8e907,36.12
0x89712dd9e8fba66ff5bec6b91e3e1857582e3546,36.12
0xd1f57237bd1753f198f4128331fb315cf9bdf854,36.09
0x65b1b96bd01926d3d60dd3c8bc452f22819443a9,36.08
0xefa9da601ab55727ff573d0a58fe5ca19de2e839,36.07
0xa0a5d2b057bdcc7b18518e6c56f800ebcf1e2c1d,36.05
0x3da2a058ee316be6b38456fe1fc7e765bcf2e951,36.0
0x2fa6ffc08f30866b4f6ec56f31f4e31b4bb91ada,35.98
0x31c86c49956627f0dfafa0274ad6a9161f463a7a,35.97
0xd4aa67f778bba2805bc122f18f3d61df59c7a542,35.94
0x1714bf4efda49733c1d7dac5510daa2c64fdb05c,35.86
0x7e2bba2705c5a7ca8be1237f3c32fe66c192b311,35.84
0xf84b938e3b753ce0cd93cdeb1b79a5ad35c2d795,35.82
0xed82766957a36b47174c573c5da464f5e7f056c0,35.73
0x9e983fbb4d5fa9f4623277c0099c5bea1f50db60,35.69
0x9c9c45ce02fe2d66bff2f2e6eb381d54c3a6616a,35.65
0xccde52133b7c1cbee9e8b1f6371c41a8184f365a,35.58
0x80d4230c0a68fc59cb264329d3a717fcaa472a13,35.56
0x2af57053f12608a41fb8b099b7c8b95711f0d580,35.53
0x7e486576ec897169d01ee66d69c2d451f908b37b,35.53
0xcdf449b5c9bd2a725319163c3e7f2d7222c4d8c9,35.49
0x4a05b10f49cabfec5c8d41b804fc6a7303efe02d,35.46
0x625d6d3f3b375e686642dc8d1d438ac58058d09c,35.43
0xfaaa4922f4c2d85fbea496da02eac278157c2cba,35.39
0x7b3288d6a93365c90a5628c9cc54875fa5f42c01,35.24
0x7686c25eb06ecfcd5f30246e1ad118d57dc7f4fc,35.23
0x7346848c1a5b643912d9593e2c9dd051c015fcb3,35.19
0x60b3c1a240ad3322fe85c30fff07ad29a7b1e578,35.19
0xef8912c26aa017354e975892e92ae9b8079e4e84,35.18
0xe99b1148e185d2b8e4e901f60c0230696d3fde2a,35.18
0xf3df14b24e982df7c0943d4b4ddebf18a23240eb,35.17
0x36bc1e767ff57bd9e3e46f5cb996a5a1cf10a439,35.16
0x6f9ec099486fee9ab974a9a57b15821e4f8a82e2,35.15
0x718fdf375e1930ba386852e35f5bafc31df3ae66,35.13
0x985638d962ea698924f00f0b57e8227a43b1bcc5,35.12
0xd78d651210ea63e4bcebf5d99b545276e8acc51a,35.1
0x4594ecfaa7c7b79ec0beb851037b79673440fe49,35.03
0x506b290dec05156fbcafff81b602e4b3717e95ab,35.01
0x6e197190de43166839665157274ee695456259f7,34.93
0xe9ff9e087d10266aa4afb352faea299d4adcd24d,34.93
0x034a4081df0c5a039d05113a7d0b334083a7b084,34.86
0x69ef15d3a4910edc47145f6a88ae60548f5abc2c,34.84
0x8dba20ed83dab73840c5be17a769401db05cc09f,34.84
0xe14a582a7b1dc43a62033e8ddb1183b8515b3770,34.83
0xc5570df268bd15104a5d450d1b7f23ac5aa9b439,34.79
0x871a12b7ea019109565bb4b2cdce2a90c9952bb5,34.78
0xf4580ba83ccd772dc2af7219530db47a52422fa8,34.75
0x512d2c196629119638ba72a1a80d6123fa024d2a,34.69
0xd59515ed5d580246e82e90ed2673d78039ef8fc6,34.61
0xa918add8803e65e97410ec42ae359dfe6663a8a6,34.59
0xf826ddfcf361dc13edc4e3cf60925344124ca89d,34.57
0xb4114a19d15e041b07ff7c6038402e9b7af6d07e,34.54
0xe8bf424e047372d249d0826c5567655ba3b72f18,34.51
0xcf6a23d46c2de2c32f35518b9408e610c7b437de,34.51
0x7c7df798b031989b6db6ec5f3e6486ac17a5abf3,34.46
0xba1adb0a0106a9dd8cb2b48c0f9b56da6cf289ed,34.39
0x674be6fa9ce93405e824bbd2fa6afe27290ba3aa,34.28
0x90ce18764f6d463aedcc361d07393b42b7e3af6c,34.27
0xa81ace214b97d4b9c2072a934d0c4de486757538,34.18
0x2ef7ca027b5bf1d03f9894900ed71c872c1623aa,34.18
0x187f4db433475240a524a75cae57b4a6fc36dcc4,34.15
0x000000aaee6a496aaf7b7452518781786313400f,34.15
0x3968df55781bdaf862ad64b9eac9eac353800c87,34.1
0x6a76274f50711486ab0799e75150130746ab542b,34.1
0x3999a2c9f460461f0ffc94cfcfeed165b08cfbb3,34.09
0xe1dbf5c36605659fadd42b4ae3e64d3e13532743,34.06
0x96919bdecb9d9b8e722b74f28530bd93cbdef01b,34.06
0x76ad20ad6ee3f9996659938c1a45a23e1dfcab7a,34.05
0x92d909d59589f57e5923bb92ff9d44f4833026c1,34.05
0xfbe558f5974e2d5a41e5b29c208216998a6a66d4,34.04
0x5097119dcb1ce3725dbcbe42356722dbacfc3b81,34.04
0xd0c5a91800f504e5517dcd1173f271635d2e8000,34.03
0xbd923b473d145a91ceaf12bb66a8007d1eeb1c61,34.03
0xa2a3aaf6762da2fea5cb20332f034699148419ae,33.99
0x2075fd8f519895e488fd3b3dab1d41381a1d9ab1,33.96
0xa1457afa30b8e396cde5bac320ed7c8e7b521bc8,33.86
0x657b3bd927ce9758b8b0d8312f8656c994fc8840,33.77
0xf02e521e9ad3168a1c2102d1068a451144d266e9,33.71
0xbfebe09d854272c3aeeb1e4411c2b02a83d0339e,33.62
0x975793c7a6a077221aca4e4fb9b7f9a46378463a,33.6
0xb77ad31d3599609ca5fcc3426983ec7b40c29c9a,33.6
0x5c7efb1067ef301046f25210720c161490017a8a,33.52
0xbf5c6d85510e491cd45d1264fffec0c2c4282564,33.51
0xa010322f3eea1004d16e1687777440b78f2e558e,33.48
0x84bb78991e2b60dd30497f8ce048aa68a4b259bb,33.41
0x9e04689ec4f4b6a8bdee305bcd0a93f8b908ea0d,33.25
0xcd6b79520574079688882b1e7e6e66956c8a028d,33.25
0x03d4695df4b8d321d31c94de8f430e3450f50498,33.24
0xa43140f0f6969e27fbb9a7b3e05597f670658ecd,33.24
0xca440ff1f24dc23bb0a754ab4ad45244f6e0eabf,33.24
0xb3b8a2f4594fca1f514fd5752ec03f4a23e06b41,33.24
0xb3f9849ae4a73a8e03c772ef082b96e260fcd3d9,33.23
0x61f5d50cdf7813190d125c0e32b195c6fc0f6ffd,33.19
0x86a58e431a05d7cbd2798dd5f10c54123f9c17db,33.17
0x2906ac4bac0e153ca2f1d7c4753b8273347c7a5d,33.16
0x8d6980e75e16313e613a4d0409ffe7f408ca1287,33.11
0xf16c3df309cf1c839358d995c29e2950c021cf66,33.09
0x3abb382db50b856407e0efb22fb33112d3c6a1f1,33.09
0x9627bffd1074226afce83349dd7f4d714b138b79,33.07
0x2e8abfe042886e4938201101a63730d04f160a82,32.97
0xeda0f5d8b8eb87e1a01b6749084af3587575ee11,32.85
0xde74395831f3ba9edc7cbee1fcb441cf24c0af4d,32.82
0x9f68c18be4c5e225d0dffdd46d2f97b296dc4db9,32.72
0x5d05f6253e254be9d54ad76e89665e2092c0993c,32.69
0x6fa5319487024c438c454b681d87b895b6ce191a,32.67
0x32a59b87352e980dd6ab1baf462696d28e63525d,32.66
0xf43d6a3e07a99d52969fa72764ffbb3772a2ca80,32.53
0x50ace63dad8ffc2686694008fa069fbdd87b1446,32.5
0x160afd345dd116bd7be092e984b7ac909d8fdf3a,32.41
0x32e62df372aab309d556e3ed80d0651f45b1991e,32.4
0xab69577c9d63e982fceaf841984cdcae53cf4458,32.39
0xc372a2c980c7bd722423a00e507a57926b0cb49f,32.29
0x8ec5c5528db3f1c6d8e3c4256e87de04ca7fffdb,32.28
0xbcd0a48ccb41fe57b8c661117e15ee6a3b334c71,32.26
0x8ae50bbab52a5405084cef176abb4f782881b992,32.13
0x3a7a0d512493c58ae5bd6ea652207f30ea75c2f5,32.02
0xa822afd9ca26ff84b8441af87169607974e99884,31.89
0xf54ce23f71936815747d80be97226fb15d6f9e0e,31.86
0xfdc6a17917115498a3ed417d4a89224685f26ea3,31.81
0xeb27ae58d1980d4c5726409c88aa14e9dd733fc0,31.75
0x4a4c15198e33bb0018751df444cbadd04b9fed92,31.66
0xdf63be2e473ba04c26b1609e51d08cf0d78e0913,31.66
0x69bf12e4aaab9fa44d8ee15cf54bdc4c78c68507,31.65
0x737d5f02975318e35e830c23f8962727b9ac1fc8,31.64
0x586e32930ac05127de429bd566eaa2758fcbd9bc,31.59
0x761bd3ff703310844f65088143bb05de49e1b819,31.49
0xe21a6a572daef677f5c850cec2111c7f3e3d04b9,31.45
0xf12e70eb5bd116461907d8c451636a9aa90dd0c2,31.41
0x4925fc8c5a8764bbc44b08e40ab228af56ee926c,31.39
0x6f06fa65d97535a52245f0a7438ce0a1bee9aab4,31.34
0x9d2435a72fd9033fdc4063fee15c22df40dd68dd,31.33
0x390b12590ae2ed98cb0ec93f287517a949419c22,31.23
0x343b2f79f3673d3c8360c4d877f2278be5777d28,31.18
0x000ab07b26c48ef3caf9ec23520d86794c9fd74a,31.17
0xbe3d1aef71e364e2f9e03a1a35ca58a848572cfc,31.15
0x66215d23b8a247c80c2d1b7bef4befc2ab384bce,31.12
0x606420fc17e08ce7d85a5068cede5542c0e47128,31.05
0x3ee505ba316879d246a8fd2b3d7ee63b51b44fab,31.02
0xe251dd14466b55b83ee33735320a187547a52057,30.97
0xc071dc48e2b182921e9581f1e4275ab7594259f0,30.9
0x06bffa4da9b015e05a5a98dfc443b181d0814410,30.81
0xf3d5e8f1cb8cc717661d6a8e692b60cdd1b45ca2,30.79
0xd41e5c84141280f31b6e06247397089b62432ed3,30.72
0x3b8110483e971e0e0f29502b790c5e3f1a13beda,30.67
0xacbcf5d2970eef25f02a27e9d9cd31027b058b9b,30.66
0xef71efe9e109d8b9caeddb0b1d3749b80220a987,30.59
0xdee374e5f811e63033f791ac29370e554dea9895,30.44
0x0957e0613b7c3247818b0b1c2ae3592c054e272d,29.95
0xfa24de5410581625ca749d615191bd33e0366a8f,29.87
0x337610fa690f631b2e8314bd3443975dd429a81e,29.85
0x8fe90e8c3e8e415d2413f7c87f28153fa7332c8f,29.33
0xe916c03148b1ab9c01d5f07fc04e423f9c063abf,29.31
0x058575c1d97c67aae5f542dd884cd09f0c79beb8,29.31
0x1f374f5baca9d3b24a32f779a5cdd8dc0cff3890,29.23
0x8d7213dc74a13c8e35d92d25c29fc5330887ef78,29.18
0x825305a3197e3c64234657a7525f90163835e0e8,29.1
0x2284de4652f31749d4c42dd663f68487d9d7cf42,29.07
0x17cbec21d4658fec65f47b57207e5cb2cfcab45f,28.96
0xf56156d7f90575a20efbe7a85593b4ecf93b133c,28.87
0xbfe1364efb0a1e01241f058a6039f43fea88cfc5,28.75
0x7f1dcd2e227be5b28626c3a4b511132739acc549,28.73
0xe2b483a8646721c21aa9209b723efeba80a323fd,28.66
0x05205bc2a63e0873e3996e926879d5eeb7964cb7,28.53
0xe289a24fc2859fa9fb4b5acc97de7d4d6f0dc831,28.47
0x8cca41f648faeedbc9335a599d7ac270a37d4032,28.39
0x7c91e058523263fd6577c7cc0852546b1e45cec8,28.39
0x69db58eac43610061f2582340857b77ba8611371,28.36
0x378eb087150a9aff30d12e440703b54d748fb350,28.33
0xe189caec6f70db68b4b9afb7151eb2f558ff58cd,28.29
0xc3b91d7b118f8ba68734693d7077b45ecd5edb55,28.28
0xa4aa5a48deaec454a66fd2472202cfddafaab67c,28.27
0xd69de0d2cb5a1d3a52228ebe7beb03d76cca668e,28.26
0xf63d29b67aabbafa772c51e29dc7a89d391cfa7e,28.23
0x26a2ca1e62f739f18c45867ab87bf7b87de2d813,28.21
0x35b9bfd9c976ce4c9a98a0fdefe49f8bdae22449,28.15
0xb5d903a991ca161b35543b158bf75413b0e54f31,28.13
0x4572f8fad34cc16256bcb13576b0a8dadd3801c4,28.09
0x2cdb19135a2beb8a89f1faac0771c2f95f34eb08,28.01
0xb6569481dccddd527c2b0e8ba32f494e52224ca1,27.88
0xe6cb101eba87c46db7bb1e27ad2bd73482837a1c,27.82
0xe773d1c4b312b11886e7d7bb5b9fc68cc2663340,27.8
0x2882ddaf89baca105e704c01d20f80227f9ad3ed,27.74
0x25f952c6b87d3a9c48ac86b61f27b81a6f2ed332,27.61
0xd60c419e408f0a80b5d7139c5741b1ca00d57456,27.6
0xb33af361843357e05b6df3e45ae3b5cec8e01137,27.58
0xfe30c7f932d84957e9ba8d76ba90e4c5a49fb6d1,27.51
0x9973bcb9be83e6b738934c8f7dbac340516160f6,27.48
0x60dc22793e70ab1846cc5b65fc7883dbe391d1dc,27.34
0x43db4868bd5d33c55d2dec81f72b8c7b9645da75,27.32
0xf75333ae5382fde77970e816012afbf0e433390f,27.29
0x97ebf626617d8f4ed63852a0006f88653c27c442,27.29
0x0f4dd7d08213a02aefaf9ebff4b9a83b13fcd8e2,27.18
0x2e5eecdd0c37739e62d86312810cde80071f1805,27.17
0x3d624933c49df28059d07f950254abb92aa4dc8b,27.15
0xafd6e95932119897e19fc88e18a99d7c9f5924f9,27.07
0x2aefafa691982dd8431b03e584988b80c5c0b977,27.03
0x790bb8bb34f332c29665d0f5c4e6763674966aa3,27.03
0x1dd658c75b8f5367a51a0b031dbb89a14073dc2f,27.02
0xf58bb3919d3d94503697b9bab0da3d280d0750be,27.02
0xc0564cf5c16fba51dc0278d5f1eca6d8523e724a,26.96
0x0be4b1633bc2e673289e1f708d16bf3218f4a118,26.92
0xeb3df5022e5a6d55166c5777840fcd7ae3bcabeb,26.91
0x800e41ef105c7cf89b5aeeb1898c65347847ed37,26.89
0x3cb5c393bb8941561657437605dc188588d78fe1,26.76
0x6655459bab7a5e99f2d61279316f6d0a465be784,26.75
0x7f6a96dac2dffd42041636f68da5d613a5de4f5a,26.74
0x8d1fff1cf1cf527fe44672e0b130b77563c1f3e5,26.73
0xe8b67ebf4825fec2ab6c010a01064f5fa54672a5,26.7
0xcff4c7c9f07458042f1e546db01c828fa2c01fb2,26.69
0xcb0bb36c9b3fddc1fdd97ac46658448d358db11c,26.68
0xebfa5bb9559a602f9775cd62e753216ea63dc24c,26.62
0xb0331b22161ca290a15f825a29c008dcb5e1ff68,26.59
0xf50b0e9a8654aefca4c816e6aac44e24c615285e,26.58
0xf4c8916a6e722b52415c1866edc3cb09e15671ef,26.54
0x9ede0d6e4578a04fe63064a6ece7e334984ad2c9,26.52
0xe82f86fe9cc65f5cf8d19d90386d046d4ac702e6,26.43
0x0be0ecc301a1c0175f07a66243cff628c24db852,26.43
0xd749940ac368792ffb33745653cb1e7b7d0b7a17,26.31
0x822fcf56038d6364da4ac6dd20a2c3c3d2b0774c,26.29
0x4c3ac06e10c7aebd4daa17832f724fcc7b19b850,26.26
0x88d175082ff017c55941642ba5dc714d2f93f966,26.21
0x08d0a7c724c4fb01f6a36f2612d61ad9979ac5d3,26.17
0x16476829349d47303eee9efe5616ba2f4925c1ab,26.08
0x5198bbc5916e217e5c85a31fc1380fd74fdb3267,26.05
0x81803c4a08088c35589a43955ced5f5c24a1e980,26.03
0x9777d0ecb4e3e64f1df616ea3a7c5fd5c279c727,25.87
0x65dbe78a0883ed961fe7e892633a48ea178ea483,25.86
0x6ee33c4a192118ea664612aec6f7b6e4aef78b87,25.86
0xed8686ec54832ce065f7b8f1c7d7f95906c25343,25.86
0xfb50928e5e618a3dfae92e7c7e7818a5f80c4bc2,25.83
0xea229203917212c0cbbe489189577a1eb7c0fbbc,25.76
0x5094b1e462730711c2d5227d7d8ff9a6e67f50e2,25.71
0x2e5ac2ae43be5a671aa2e8fc0d0813d37a57da39,25.7
0x189c2c1834b1414a6aee9eba5dc4b4d547c9a44c,25.56
0x694c26beebcd7c0e167f87d0780383fbca6c21e7,25.54
0xa63cd0d627c34ce3958c4a82e6bb12f7b9c1c324,25.49
0x70f609976e161581bdeae063cc0c915a9074099e,25.49
0xa002f7698a06a54e16da44a9974408c413eb0a65,25.44
0x06763a0717f74b33840ebd85122a5093f828ad38,25.43
0x18dda8b0b954c998ec8a01f8c0796ea56e0859f5,25.41
0x46ba9970e469a212084527aeb321c3f3ed53d9be,25.4
0x756aadaa329dfa3cf2a8adf373044349e1ca4423,25.37
0x1e46245ed6fc1ebc6286438dac96cb061dd5e28c,25.35
0xa1da3555afc256ffa42cb94d2c7bedd3952f9987,25.28
0xb95d9a1366f8997ecbfa65b8a80ad534a1fbf94b,25.24
0x57e8b7e9d4d61223033baa4b95eeadb3303e4bc0,25.2
0x0c0d1b059ff18290bd77e370802306ac420ba11c,25.18
0xea0e065560333d66a3f9aa648e63848b86d3362a,25.16
0x03a7b920a25d89ea11585f0380ed1476a2ef1c2d,25.15
0x43002d190e46bf8a09c92e2b1e6a4e322ecfd6d4,25.14
0xb4d4777cdfdc1345c11750e7d597cac03efd0f16,25.13
0xf18fa3bb247b8e9b531db4bc092f2081013c477e,25.12
0x28efc5cd51332ac26d4e970c216dc448ced9e6ac,25.1
0x4d4aca0f6fcfc9aa789e13324d6421260d3f7da4,25.07
0x0825602e9d177b51af7d79acbdc68a746bc41ce4,25.06
0x6239aeb2a8522ba336856bc1b60fb75fcf012d26,25.06
0x2aea39e27fc87de4a63963687c6e188f062197b4,25.04
0x3596c017ad351628cd31980837c0938ddbad7e49,24.95
0xbe79f6b55ea0cfa844631c4e63b1be1545194f83,24.94
0xa3ba242f405fc8e93a00d50af162f723d7328631,24.92
0xbe569c65bae96df7fb767cf1d1492597bbabc22a,24.91
0x518e5a942ed7db4b45e9a491ce318373346db240,24.87
0xa54eb7bbc3707df9520692c212b4b95015a6ce0b,24.84
0x9f0a988edc96dac834c158ebfe667da932bd87c6,24.82
0x65f5cb909f1bcc3ff21ab88d9ef8e2ff848c03e4,24.78
0xe8f57953431f94b9afc820ca220b25a2849ae5aa,24.75
